date,close_eur
2017-01-01,948.79
2017-01-02,972.00
2017-01-03,993.02
2017-01-04,1071.50
2017-01-05,959.59
2017-01-06,860.58
2017-01-07,857.05
2017-01-08,868.07
2017-01-09,858.57
2017-01-10,866.00
2017-01-11,747.17
2017-01-12,769.99
2017-01-13,784.77
2017-01-14,773.03
2017-01-15,777.00
2017-01-16,787.00
2017-01-17,852.03
2017-01-18,835.98
2017-01-19,845.50
2017-01-20,838.34
2017-01-21,863.50
2017-01-22,859.99
2017-01-23,855.00
2017-01-24,835.99
2017-01-25,833.04
2017-01-26,857.50
2017-01-27,857.90
2017-01-28,857.45
2017-01-29,858.21
2017-01-30,860.50
2017-01-31,900.50
2017-02-01,914.30
2017-02-02,941.46
2017-02-03,947.00
2017-02-04,961.14
2017-02-05,943.00
2017-02-06,950.52
2017-02-07,987.97
2017-02-08,984.50
2017-02-09,923.99
2017-02-10,939.50
2017-02-11,953.96
2017-02-12,945.46
2017-02-13,948.99
2017-02-14,960.84
2017-02-15,960.63
2017-02-16,979.99
2017-02-17,994.96
2017-02-18,997.00
2017-02-19,990.00
2017-02-20,1020.08
2017-02-21,1062.99
2017-02-22,1066.07
2017-02-23,1114.72
2017-02-24,1116.16
2017-02-25,1083.47
2017-02-26,1105.16
2017-02-27,1125.00
2017-02-28,1118.89
2017-03-01,1157.00
2017-03-02,1194.57
2017-03-03,1206.99
2017-03-04,1194.38
2017-03-05,1184.03
2017-03-06,1203.18
2017-03-07,1172.32
2017-03-08,1080.71
2017-03-09,1132.98
2017-03-10,1046.00
2017-03-11,1106.47
2017-03-12,1152.00
2017-03-13,1164.99
2017-03-14,1172.75
2017-03-15,1169.99
2017-03-16,1088.18
2017-03-17,994.10
2017-03-18,884.99
2017-03-19,936.61
2017-03-20,965.00
2017-03-21,1018.00
2017-03-22,945.87
2017-03-23,947.54
2017-03-24,859.48
2017-03-25,879.99
2017-03-26,883.01
2017-03-27,957.54
2017-03-28,959.57
2017-03-29,947.00
2017-03-30,943.34
2017-03-31,995.80
2017-04-01,1000.00
2017-04-02,1010.73
2017-04-03,1065.75
2017-04-04,1070.00
2017-04-05,1060.99
2017-04-06,1119.63
2017-04-07,1120.21
2017-04-08,1112.25
2017-04-09,1133.23
2017-04-10,1136.98
2017-04-11,1153.24
2017-04-12,1138.00
2017-04-13,1102.58
2017-04-14,1112.69
2017-04-15,1108.97
2017-04-16,1108.50
2017-04-17,1115.03
2017-04-18,1124.33
2017-04-19,1121.29
2017-04-20,1150.34
2017-04-21,1154.99
2017-04-22,1148.00
2017-04-23,1140.73
2017-04-24,1153.22
2017-04-25,1168.00
2017-04-26,1180.87
2017-04-27,1213.54
2017-04-28,1219.80
2017-04-29,1224.80
2017-04-30,1221.15
2017-05-01,1259.05
2017-05-02,1295.20
2017-05-03,1377.00
2017-05-04,1387.22
2017-05-05,1382.40
2017-05-06,1404.51
2017-05-07,1413.00
2017-05-08,1514.01
2017-05-09,1585.00
2017-05-10,1623.69
2017-05-11,1686.95
2017-05-12,1551.00
2017-05-13,1634.32
2017-05-14,1635.50
2017-05-15,1581.73
2017-05-16,1582.00
2017-05-17,1648.30
2017-05-18,1715.50
2017-05-19,1760.20
2017-05-20,1800.00
2017-05-21,1800.63
2017-05-22,1868.64
2017-05-23,1996.99
2017-05-24,2124.20
2017-05-25,1987.58
2017-05-26,2009.99
2017-05-27,1797.17
2017-05-28,1925.98
2017-05-29,2045.30
2017-05-30,1984.98
2017-05-31,2066.45
2017-06-01,2155.15
2017-06-02,2231.75
2017-06-03,2277.91
2017-06-04,2262.00
2017-06-05,2398.00
2017-06-06,2569.42
2017-06-07,2424.43
2017-06-08,2517.80
2017-06-09,2562.66
2017-06-10,2594.00
2017-06-11,2619.96
2017-06-12,2372.22
2017-06-13,2429.79
2017-06-14,2203.04
2017-06-15,2156.57
2017-06-16,2220.69
2017-06-17,2353.00
2017-06-18,2238.32
2017-06-19,2307.99
2017-06-20,2439.00
2017-06-21,2379.95
2017-06-22,2417.60
2017-06-23,2404.59
2017-06-24,2293.47
2017-06-25,2235.07
2017-06-26,2157.01
2017-06-27,2231.01
2017-06-28,2247.51
2017-06-29,2220.00
2017-06-30,2156.00
2017-07-01,2107.20
2017-07-02,2194.41
2017-07-03,2232.01
2017-07-04,2289.41
2017-07-05,2305.79
2017-07-06,2292.90
2017-07-07,2210.00
2017-07-08,2239.99
2017-07-09,2197.73
2017-07-10,2063.67
2017-07-11,2021.49
2017-07-12,2089.71
2017-07-13,2048.87
2017-07-14,1940.19
2017-07-15,1731.52
2017-07-16,1679.12
2017-07-17,1939.09
2017-07-18,2007.25
2017-07-19,1968.66
2017-07-20,2448.80
2017-07-21,2289.80
2017-07-22,2424.90
2017-07-23,2353.27
2017-07-24,2375.80
2017-07-25,2208.99
2017-07-26,2179.30
2017-07-27,2289.29
2017-07-28,2366.60
2017-07-29,2313.15
2017-07-30,2354.00
2017-07-31,2471.38
2017-08-01,2325.79
2017-08-02,2300.00
2017-08-03,2371.80
2017-08-04,2432.99
2017-08-05,2759.52
2017-08-06,2737.69
2017-08-07,2868.98
2017-08-08,2915.00
2017-08-09,2863.48
2017-08-10,2920.38
2017-08-11,3111.96
2017-08-12,3287.12
2017-08-13,3432.58
2017-08-14,3674.29
2017-08-15,3537.89
2017-08-16,3700.00
2017-08-17,3656.66
2017-08-18,3519.99
2017-08-19,3553.44
2017-08-20,3488.45
2017-08-21,3405.98
2017-08-22,3492.78
2017-08-23,3529.96
2017-08-24,3674.61
2017-08-25,3679.48
2017-08-26,3673.96
2017-08-27,3642.59
2017-08-28,3661.00
2017-08-29,3818.18
2017-08-30,3839.96
2017-08-31,3973.00
2017-09-01,4149.99
2017-09-02,3889.89
2017-09-03,3912.99
2017-09-04,3646.37
2017-09-05,3815.92
2017-09-06,3929.05
2017-09-07,3908.72
2017-09-08,3660.00
2017-09-09,3655.79
2017-09-10,3585.20
2017-09-11,3545.42
2017-09-12,3489.13
2017-09-13,3255.29
2017-09-14,2717.64
2017-09-15,3162.06
2017-09-16,3156.22
2017-09-17,3124.36
2017-09-18,3449.00
2017-09-19,3266.82
2017-09-20,3274.39
2017-09-21,3051.89
2017-09-22,3061.30
2017-09-23,3163.60
2017-09-24,3100.76
2017-09-25,3316.85
2017-09-26,3275.75
2017-09-27,3559.50
2017-09-28,3536.00
2017-09-29,3526.67
2017-09-30,3665.79
2017-10-01,3690.79
2017-10-02,3730.10
2017-10-03,3670.00
2017-10-04,3590.83
2017-10-05,3671.99
2017-10-06,3688.00
2017-10-07,3752.40
2017-10-08,3871.11
2017-10-09,4030.01
2017-10-10,4027.54
2017-10-11,4059.99
2017-10-12,4549.00
2017-10-13,4740.50
2017-10-14,4879.99
2017-10-15,4792.99
2017-10-16,4864.00
2017-10-17,4759.20
2017-10-18,4746.19
2017-10-19,4790.71
2017-10-20,5034.74
2017-10-21,5115.69
2017-10-22,5103.80
2017-10-23,4991.20
2017-10-24,4740.90
2017-10-25,4894.94
2017-10-26,5074.07
2017-10-27,4992.81
2017-10-28,4973.01
2017-10-29,5276.10
2017-10-30,5276.50
2017-10-31,5515.40
2017-11-01,5823.09
2017-11-02,6045.00
2017-11-03,6213.63
2017-11-04,6388.19
2017-11-05,6374.46
2017-11-06,6040.10
2017-11-07,6153.00
2017-11-08,6470.00
2017-11-09,6180.00
2017-11-10,5720.00
2017-11-11,5473.90
2017-11-12,5084.97
2017-11-13,5642.98
2017-11-14,5669.99
2017-11-15,6229.46
2017-11-16,6666.66
2017-11-17,6545.00
2017-11-18,6619.99
2017-11-19,6801.00
2017-11-20,7008.98
2017-11-21,6940.00
2017-11-22,6981.01
2017-11-23,6772.09
2017-11-24,6880.23
2017-11-25,7238.97
2017-11-26,7709.98
2017-11-27,8055.00
2017-11-28,8250.00
2017-11-29,8350.57
2017-11-30,8450.00
2017-12-01,9150.00
2017-12-02,9179.01
2017-12-03,9457.00
2017-12-04,9740.00
2017-12-05,9931.30
2017-12-06,11605.49
2017-12-07,13835.00
2017-12-08,13240.81
2017-12-09,12122.01
2017-12-10,12323.98
2017-12-11,13571.22
2017-12-12,14003.97
2017-12-13,13687.62
2017-12-14,13735.00
2017-12-15,14571.54
2017-12-16,16105.00
2017-12-17,15884.81
2017-12-18,15950.04
2017-12-19,14909.91
2017-12-20,13820.00
2017-12-21,13097.23
2017-12-22,11630.01
2017-12-23,12193.12
2017-12-24,11843.63
2017-12-25,11600.33
2017-12-26,13137.18
2017-12-27,12950.00
2017-12-28,12179.92
2017-12-29,12119.80
2017-12-30,10642.89
2017-12-31,11583.17
2018-01-01,11205.01
2018-01-02,12197.24
2018-01-03,12660.30
2018-01-04,12679.96
2018-01-05,14077.17
2018-01-06,14134.77
2018-01-07,13393.38
2018-01-08,12487.19
2018-01-09,11997.84
2018-01-10,12401.29
2018-01-11,10998.61
2018-01-12,11406.70
2018-01-13,11652.75
2018-01-14,11232.43
2018-01-15,11148.46
2018-01-16,9331.62
2018-01-17,9228.39
2018-01-18,9341.54
2018-01-19,9550.23
2018-01-20,10546.67
2018-01-21,9565.96
2018-01-22,8850.00
2018-01-23,8863.78
2018-01-24,9234.20
2018-01-25,8982.06
2018-01-26,8975.90
2018-01-27,9185.00
2018-01-28,9431.80
2018-01-29,9028.78
2018-01-30,8063.88
2018-01-31,8136.32
2018-02-01,7134.32
2018-02-02,7073.03
2018-02-03,7415.80
2018-02-04,6512.81
2018-02-05,5541.79
2018-02-06,6208.80
2018-02-07,6178.57
2018-02-08,6723.98
2018-02-09,7092.02
2018-02-10,7009.62
2018-02-11,6596.99
2018-02-12,7235.99
2018-02-13,6908.70
2018-02-14,7620.00
2018-02-15,8055.25
2018-02-16,8220.00
2018-02-17,8960.22
2018-02-18,8417.19
2018-02-19,9035.62
2018-02-20,9118.46
2018-02-21,8523.08
2018-02-22,8000.00
2018-02-23,8272.80
2018-02-24,7902.80
2018-02-25,7825.58
2018-02-26,8374.50
2018-02-27,8623.44
2018-02-28,8463.00
2018-03-01,8864.30
2018-03-02,8948.49
2018-03-03,9243.53
2018-03-04,9300.03
2018-03-05,9210.54
2018-03-06,8640.28
2018-03-07,8009.57
2018-03-08,7546.37
2018-03-09,7530.00
2018-03-10,7154.49
2018-03-11,7743.84
2018-03-12,7410.22
2018-03-13,7392.95
2018-03-14,6647.74
2018-03-15,6740.80
2018-03-16,6721.26
2018-03-17,6415.00
2018-03-18,6664.80
2018-03-19,6988.21
2018-03-20,7271.80
2018-03-21,7221.59
2018-03-22,7061.51
2018-03-23,7208.00
2018-03-24,6910.00
2018-03-25,6856.79
2018-03-26,6543.10
2018-03-27,6285.91
2018-03-28,6451.29
2018-03-29,5725.90
2018-03-30,5534.10
2018-03-31,5600.00
2018-04-01,5517.18
2018-04-02,5739.99
2018-04-03,6049.50
2018-04-04,5520.90
2018-04-05,5527.69
2018-04-06,5401.00
2018-04-07,5615.11
2018-04-08,5733.00
2018-04-09,5497.77
2018-04-10,5528.82
2018-04-11,5617.62
2018-04-12,6419.90
2018-04-13,6385.50
2018-04-14,6491.57
2018-04-15,6767.30
2018-04-16,6505.80
2018-04-17,6384.50
2018-04-18,6603.96
2018-04-19,6706.00
2018-04-20,7199.21
2018-04-21,7250.00
2018-04-22,7166.82
2018-04-23,7321.45
2018-04-24,7896.60
2018-04-25,7277.98
2018-04-26,7642.13
2018-04-27,7357.89
2018-04-28,7698.93
2018-04-29,7741.89
2018-04-30,7642.61
2018-05-01,7551.46
2018-05-02,7713.17
2018-05-03,8103.20
2018-05-04,8090.88
2018-05-05,8197.82
2018-05-06,8037.80
2018-05-07,7859.89
2018-05-08,7733.50
2018-05-09,7843.51
2018-05-10,7568.85
2018-05-11,7013.10
2018-05-12,7107.01
2018-05-13,7273.20
2018-05-14,7273.99
2018-05-15,7173.10
2018-05-16,7056.14
2018-05-17,6845.29
2018-05-18,6999.01
2018-05-19,7001.30
2018-05-20,7228.90
2018-05-21,7114.28
2018-05-22,6787.46
2018-05-23,6422.36
2018-05-24,6475.29
2018-05-25,6417.42
2018-05-26,6289.16
2018-05-27,6291.00
2018-05-28,6113.63
2018-05-29,6470.43
2018-05-30,6337.68
2018-05-31,6406.12
2018-06-01,6446.96
2018-06-02,6551.16
2018-06-03,6607.84
2018-06-04,6408.80
2018-06-05,6499.15
2018-06-06,6501.99
2018-06-07,6509.84
2018-06-08,6478.94
2018-06-09,6393.59
2018-06-10,5763.07
2018-06-11,5847.62
2018-06-12,5582.10
2018-06-13,5347.29
2018-06-14,5745.21
2018-06-15,5517.11
2018-06-16,5597.82
2018-06-17,5559.00
2018-06-18,5764.50
2018-06-19,5824.69
2018-06-20,5832.80
2018-06-21,5795.87
2018-06-22,5208.80
2018-06-23,5294.39
2018-06-24,5272.24
2018-06-25,5337.10
2018-06-26,5223.44
2018-06-27,5299.50
2018-06-28,5066.60
2018-06-29,5305.00
2018-06-30,5460.00
2018-07-01,5438.92
2018-07-02,5682.00
2018-07-03,5565.00
2018-07-04,5635.00
2018-07-05,5594.93
2018-07-06,5619.86
2018-07-07,5758.63
2018-07-08,5706.01
2018-07-09,5672.84
2018-07-10,5382.61
2018-07-11,5464.99
2018-07-12,5357.18
2018-07-13,5325.84
2018-07-14,5358.00
2018-07-15,5438.19
2018-07-16,5745.64
2018-07-17,6270.44
2018-07-18,6324.01
2018-07-19,6413.70
2018-07-20,6248.34
2018-07-21,6324.70
2018-07-22,6308.19
2018-07-23,6611.97
2018-07-24,7190.31
2018-07-25,6964.20
2018-07-26,6809.10
2018-07-27,7007.34
2018-07-28,7066.34
2018-07-29,7040.66
2018-07-30,6973.46
2018-07-31,6612.77
2018-08-01,6521.76
2018-08-02,6504.57
2018-08-03,6407.70
2018-08-04,6059.55
2018-08-05,6079.47
2018-08-06,6006.44
2018-08-07,5789.70
2018-08-08,5414.39
2018-08-09,5689.96
2018-08-10,5394.90
2018-08-11,5479.36
2018-08-12,5550.52
2018-08-13,5494.70
2018-08-14,5473.77
2018-08-15,5535.05
2018-08-16,5565.49
2018-08-17,5760.88
2018-08-18,5604.78
2018-08-19,5675.04
2018-08-20,5458.68
2018-08-21,5598.51
2018-08-22,5498.38
2018-08-23,5667.62
2018-08-24,5748.94
2018-08-25,5790.34
2018-08-26,5761.14
2018-08-27,5918.20
2018-08-28,6054.61
2018-08-29,6004.92
2018-08-30,5989.22
2018-08-31,6038.59
2018-09-01,6191.30
2018-09-02,6289.40
2018-09-03,6242.51
2018-09-04,6349.15
2018-09-05,5764.95
2018-09-06,5587.54
2018-09-07,5549.80
2018-09-08,5373.00
2018-09-09,5399.08
2018-09-10,5440.43
2018-09-11,5411.54
2018-09-12,5449.98
2018-09-13,5559.27
2018-09-14,5589.31
2018-09-15,5621.08
2018-09-16,5595.40
2018-09-17,5355.54
2018-09-18,5435.67
2018-09-19,5477.64
2018-09-20,5521.99
2018-09-21,5748.16
2018-09-22,5718.36
2018-09-23,5714.98
2018-09-24,5607.17
2018-09-25,5477.00
2018-09-26,5503.00
2018-09-27,5754.10
2018-09-28,5714.47
2018-09-29,5676.98
2018-09-30,5699.11
2018-10-01,5688.05
2018-10-02,5632.38
2018-10-03,5640.17
2018-10-04,5681.20
2018-10-05,5730.87
2018-10-06,5711.35
2018-10-07,5708.96
2018-10-08,5751.90
2018-10-09,5740.00
2018-10-10,5679.09
2018-10-11,5330.55
2018-10-12,5371.00
2018-10-13,5395.85
2018-10-14,5353.53
2018-10-15,5558.19
2018-10-16,5582.58
2018-10-17,5620.24
2018-10-18,5592.65
2018-10-19,5551.00
2018-10-20,5577.90
2018-10-21,5580.11
2018-10-22,5592.40
2018-10-23,5574.58
2018-10-24,5636.68
2018-10-25,5622.50
2018-10-26,5630.50
2018-10-27,5634.35
2018-10-28,5632.30
2018-10-29,5509.99
2018-10-30,5533.00
2018-10-31,5575.30
2018-11-01,5566.98
2018-11-02,5580.00
2018-11-03,5572.03
2018-11-04,5634.82
2018-11-05,5626.20
2018-11-06,5644.97
2018-11-07,5685.17
2018-11-08,5640.55
2018-11-09,5591.99
2018-11-10,5601.88
2018-11-11,5621.21
2018-11-12,5632.50
2018-11-13,5546.91
2018-11-14,4977.00
2018-11-15,4926.40
2018-11-16,4825.00
2018-11-17,4823.00
2018-11-18,4867.59
2018-11-19,4134.31
2018-11-20,3830.96
2018-11-21,3987.11
2018-11-22,3739.70
2018-11-23,3793.14
2018-11-24,3352.66
2018-11-25,3482.76
2018-11-26,3281.33
2018-11-27,3349.43
2018-11-28,3720.16
2018-11-29,3736.05
2018-11-30,3512.88
2018-12-01,3672.74
2018-12-02,3618.10
2018-12-03,3386.72
2018-12-04,3449.97
2018-12-05,3259.87
2018-12-06,3030.00
2018-12-07,2977.11
2018-12-08,2991.36
2018-12-09,3105.60
2018-12-10,3011.00
2018-12-11,2966.69
2018-12-12,3023.77
2018-12-13,2879.73
2018-12-14,2832.92
2018-12-15,2819.00
2018-12-16,2835.00
2018-12-17,3095.61
2018-12-18,3233.39
2018-12-19,3231.01
2018-12-20,3566.56
2018-12-21,3386.65
2018-12-22,3510.70
2018-12-23,3475.98
2018-12-24,3550.00
2018-12-25,3321.00
2018-12-26,3368.53
2018-12-27,3154.93
2018-12-28,3416.39
2018-12-29,3262.73
2018-12-30,3373.80
2018-12-31,3233.87
2019-01-01,3342.30
2019-01-02,3433.28
2019-01-03,3325.58
2019-01-04,3358.75
2019-01-05,3343.00
2019-01-06,3550.00
2019-01-07,3497.11
2019-01-08,3495.52
2019-01-09,3468.34
2019-01-10,3164.33
2019-01-11,3184.45
2019-01-12,3174.28
2019-01-13,3074.84
2019-01-14,3193.00
2019-01-15,3146.99
2019-01-16,3167.00
2019-01-17,3195.36
2019-01-18,3188.10
2019-01-19,3249.89
2019-01-20,3116.61
2019-01-21,3114.22
2019-01-22,3154.05
2019-01-23,3120.81
2019-01-24,3163.77
2019-01-25,3134.66
2019-01-26,3122.47
2019-01-27,3105.98
2019-01-28,3005.00
2019-01-29,2973.70
2019-01-30,2999.60
2019-01-31,2980.74
2019-02-01,3002.52
2019-02-02,3028.84
2019-02-03,2987.32
2019-02-04,2990.31
2019-02-05,3009.96
2019-02-06,2967.86
2019-02-07,2962.08
2019-02-08,3197.40
2019-02-09,3201.39
2019-02-10,3224.50
2019-02-11,3192.98
2019-02-12,3173.57
2019-02-13,3181.00
2019-02-14,3157.64
2019-02-15,3169.70
2019-02-16,3182.00
2019-02-17,3216.62
2019-02-18,3426.93
2019-02-19,3438.21
2019-02-20,3480.48
2019-02-21,3442.83
2019-02-22,3483.18
2019-02-23,3633.50
2019-02-24,3301.30
2019-02-25,3366.83
2019-02-26,3332.54
2019-02-27,3339.99
2019-02-28,3336.27
2019-03-01,3357.06
2019-03-02,3359.00
2019-03-03,3336.50
2019-03-04,3272.14
2019-03-05,3403.82
2019-03-06,3407.56
2019-03-07,3450.12
2019-03-08,3426.17
2019-03-09,3485.87
2019-03-10,3473.73
2019-03-11,3421.05
2019-03-12,3426.72
2019-03-13,3405.16
2019-03-14,3406.70
2019-03-15,3445.00
2019-03-16,3524.30
2019-03-17,3506.43
2019-03-18,3509.62
2019-03-19,3524.32
2019-03-20,3531.65
2019-03-21,3502.43
2019-03-22,3525.19
2019-03-23,3525.00
2019-03-24,3518.99
2019-03-25,3462.28
2019-03-26,3478.43
2019-03-27,3581.70
2019-03-28,3573.00
2019-03-29,3649.94
2019-03-30,3648.80
2019-03-31,3651.30
2019-04-01,3693.18
2019-04-02,4380.73
2019-04-03,4426.00
2019-04-04,4372.00
2019-04-05,4488.11
2019-04-06,4488.97
2019-04-07,4638.75
2019-04-08,4708.60
2019-04-09,4615.35
2019-04-10,4724.99
2019-04-11,4484.96
2019-04-12,4494.90
2019-04-13,4501.51
2019-04-14,4564.43
2019-04-15,4460.58
2019-04-16,4616.04
2019-04-17,4630.00
2019-04-18,4698.01
2019-04-19,4717.06
2019-04-20,4741.59
2019-04-21,4725.65
2019-04-22,4783.83
2019-04-23,4941.94
2019-04-24,4885.84
2019-04-25,4619.73
2019-04-26,4623.42
2019-04-27,4652.02
2019-04-28,4629.44
2019-04-29,4601.51
2019-04-30,4699.87
2019-05-01,4757.96
2019-05-02,4825.50
2019-05-03,5055.00
2019-05-04,5143.61
2019-05-05,5115.93
2019-05-06,5082.00
2019-05-07,5143.95
2019-05-08,5297.89
2019-05-09,5471.88
2019-05-10,5661.65
2019-05-11,6355.45
2019-05-12,6200.79
2019-05-13,6967.95
2019-05-14,7137.92
2019-05-15,7326.34
2019-05-16,7059.81
2019-05-17,6600.00
2019-05-18,6551.95
2019-05-19,7349.76
2019-05-20,7177.33
2019-05-21,7135.70
2019-05-22,6855.24
2019-05-23,7045.20
2019-05-24,7159.88
2019-05-25,7219.00
2019-05-26,7794.44
2019-05-27,7842.98
2019-05-28,7799.66
2019-05-29,7776.28
2019-05-30,7450.00
2019-05-31,7685.73
2019-06-01,7666.55
2019-06-02,7825.00
2019-06-03,7221.15
2019-06-04,6819.00
2019-06-05,6935.98
2019-06-06,6914.42
2019-06-07,7070.02
2019-06-08,7022.80
2019-06-09,6756.07
2019-06-10,7091.33
2019-06-11,6992.70
2019-06-12,7234.82
2019-06-13,7301.41
2019-06-14,7773.09
2019-06-15,7891.43
2019-06-16,8004.47
2019-06-17,8323.92
2019-06-18,8105.20
2019-06-19,8269.89
2019-06-20,8433.95
2019-06-21,8999.99
2019-06-22,9378.39
2019-06-23,9525.19
2019-06-24,9675.27
2019-06-25,10357.18
2019-06-26,11376.18
2019-06-27,9790.00
2019-06-28,10870.27
2019-06-29,10432.80
2019-06-30,9462.07
2019-07-01,9308.08
2019-07-02,9585.84
2019-07-03,10604.46
2019-07-04,9896.55
2019-07-05,9798.88
2019-07-06,10024.36
2019-07-07,10206.65
2019-07-08,10974.07
2019-07-09,11227.67
2019-07-10,10779.98
2019-07-11,10089.99
2019-07-12,10492.41
2019-07-13,10121.29
2019-07-14,9044.46
2019-07-15,9635.14
2019-07-16,8399.53
2019-07-17,8648.16
2019-07-18,9469.19
2019-07-19,9405.59
2019-07-20,9590.37
2019-07-21,9449.01
2019-07-22,9203.18
2019-07-23,8800.02
2019-07-24,8766.97
2019-07-25,8880.57
2019-07-26,8853.45
2019-07-27,8529.85
2019-07-28,8563.17
2019-07-29,8529.57
2019-07-30,8591.30
2019-07-31,9113.98
2019-08-01,9390.14
2019-08-02,9486.44
2019-08-03,9740.00
2019-08-04,9886.47
2019-08-05,10475.00
2019-08-06,10232.75
2019-08-07,10698.34
2019-08-08,10714.91
2019-08-09,10580.40
2019-08-10,10089.74
2019-08-11,10317.33
2019-08-12,10157.36
2019-08-13,9713.82
2019-08-14,8985.93
2019-08-15,9281.09
2019-08-16,9348.44
2019-08-17,9215.49
2019-08-18,9320.98
2019-08-19,9854.03
2019-08-20,9695.00
2019-08-21,9148.86
2019-08-22,9134.42
2019-08-23,9349.31
2019-08-24,9118.00
2019-08-25,9102.55
2019-08-26,9339.17
2019-08-27,9179.51
2019-08-28,8786.58
2019-08-29,8575.10
2019-08-30,8738.96
2019-08-31,8765.54
2019-09-01,8893.97
2019-09-02,9479.61
2019-09-03,9691.64
2019-09-04,9581.73
2019-09-05,9597.34
2019-09-06,9349.79
2019-09-07,9510.07
2019-09-08,9457.83
2019-09-09,9353.57
2019-09-10,9160.14
2019-09-11,9240.44
2019-09-12,9427.30
2019-09-13,9360.00
2019-09-14,9367.51
2019-09-15,9318.75
2019-09-16,9338.78
2019-09-17,9202.53
2019-09-18,9217.28
2019-09-19,9300.20
2019-09-20,9241.08
2019-09-21,9072.07
2019-09-22,9109.00
2019-09-23,8820.56
2019-09-24,7759.08
2019-09-25,7704.92
2019-09-26,7381.66
2019-09-27,7501.42
2019-09-28,7519.19
2019-09-29,7373.73
2019-09-30,7629.67
2019-10-01,7622.89
2019-10-02,7648.06
2019-10-03,7513.00
2019-10-04,7431.00
2019-10-05,7437.71
2019-10-06,7176.25
2019-10-07,7490.45
2019-10-08,7470.25
2019-10-09,7831.00
2019-10-10,7799.83
2019-10-11,7503.59
2019-10-12,7539.54
2019-10-13,7515.58
2019-10-14,7580.00
2019-10-15,7394.46
2019-10-16,7221.01
2019-10-17,7266.23
2019-10-18,7120.50
2019-10-19,7132.96
2019-10-20,7383.31
2019-10-21,7371.00
2019-10-22,7219.29
2019-10-23,6721.74
2019-10-24,6702.17
2019-10-25,7814.67
2019-10-26,8337.05
2019-10-27,8609.42
2019-10-28,8315.73
2019-10-29,8488.90
2019-10-30,8218.38
2019-10-31,8212.10
2019-11-01,8282.98
2019-11-02,8334.01
2019-11-03,8255.40
2019-11-04,8466.00
2019-11-05,8421.69
2019-11-06,8432.91
2019-11-07,8334.15
2019-11-08,7962.00
2019-11-09,8000.14
2019-11-10,8204.74
2019-11-11,7915.68
2019-11-12,7997.86
2019-11-13,7969.16
2019-11-14,7843.57
2019-11-15,7667.73
2019-11-16,7676.14
2019-11-17,7691.93
2019-11-18,7387.25
2019-11-19,7339.56
2019-11-20,7305.79
2019-11-21,6892.67
2019-11-22,6629.35
2019-11-23,6657.19
2019-11-24,6282.17
2019-11-25,6483.05
2019-11-26,6513.24
2019-11-27,6837.91
2019-11-28,6755.38
2019-11-29,7040.24
2019-11-30,6875.79
2019-12-01,6729.13
2019-12-02,6609.04
2019-12-03,6593.67
2019-12-04,6498.65
2019-12-05,6662.14
2019-12-06,6828.37
2019-12-07,6777.93
2019-12-08,6801.44
2019-12-09,6636.65
2019-12-10,6520.19
2019-12-11,6479.84
2019-12-12,6424.38
2019-12-13,6525.00
2019-12-14,6361.32
2019-12-15,6399.82
2019-12-16,6182.00
2019-12-17,5942.88
2019-12-18,6560.75
2019-12-19,6439.13
2019-12-20,6501.49
2019-12-21,6463.00
2019-12-22,6784.98
2019-12-23,6601.84
2019-12-24,6555.32
2019-12-25,6493.91
2019-12-26,6489.36
2019-12-27,6481.23
2019-12-28,6529.09
2019-12-29,6601.59
2019-12-30,6461.40
2019-12-31,6411.82
2020-01-01,6399.09
2020-01-02,6227.24
2020-01-03,6570.27
2020-01-04,6593.00
2020-01-05,6588.45
2020-01-06,6940.75
2020-01-07,7315.53
2020-01-08,7248.39
2020-01-09,7042.88
2020-01-10,7376.57
2020-01-11,7218.65
2020-01-12,7362.10
2020-01-13,7285.00
2020-01-14,7932.89
2020-01-15,7913.90
2020-01-16,7826.99
2020-01-17,8029.98
2020-01-18,8041.57
2020-01-19,7849.89
2020-01-20,7794.74
2020-01-21,7877.41
2020-01-22,7807.68
2020-01-23,7608.74
2020-01-24,7641.68
2020-01-25,7559.99
2020-01-26,7790.16
2020-01-27,8079.52
2020-01-28,8500.21
2020-01-29,8438.36
2020-01-30,8610.07
2020-01-31,8420.25
2020-02-01,8459.05
2020-02-02,8425.90
2020-02-03,8406.53
2020-02-04,8312.62
2020-02-05,8748.18
2020-02-06,8899.92
2020-02-07,8968.49
2020-02-08,9072.40
2020-02-09,9280.00
2020-02-10,9050.72
2020-02-11,9412.97
2020-02-12,9547.89
2020-02-13,9437.28
2020-02-14,9577.49
2020-02-15,9147.87
2020-02-16,9154.41
2020-02-17,8970.29
2020-02-18,9449.09
2020-02-19,8897.43
2020-02-20,8896.39
2020-02-21,8957.02
2020-02-22,8910.37
2020-02-23,9210.00
2020-02-24,8917.26
2020-02-25,8574.33
2020-02-26,8077.78
2020-02-27,8036.52
2020-02-28,7887.23
2020-02-29,7741.00
2020-03-01,7720.00
2020-03-02,8014.38
2020-03-03,7854.91
2020-03-04,7864.37
2020-03-05,8083.95
2020-03-06,8126.58
2020-03-07,7900.46
2020-03-08,7071.30
2020-03-09,6969.01
2020-03-10,6974.42
2020-03-11,7050.81
2020-03-12,4354.98
2020-03-13,5116.28
2020-03-14,4677.00
2020-03-15,4818.57
2020-03-16,4523.43
2020-03-17,4874.88
2020-03-18,4953.13
2020-03-19,5828.84
2020-03-20,5812.78
2020-03-21,5817.85
2020-03-22,5466.29
2020-03-23,6043.76
2020-03-24,6283.62
2020-03-25,6162.17
2020-03-26,6135.59
2020-03-27,5745.31
2020-03-28,5621.79
2020-03-29,5287.30
2020-03-30,5816.39
2020-03-31,5841.57
2020-04-01,6081.27
2020-04-02,6274.94
2020-04-03,6249.54
2020-04-04,6362.29
2020-04-05,6282.57
2020-04-06,6813.26
2020-04-07,6616.66
2020-04-08,6791.16
2020-04-09,6689.64
2020-04-10,6300.82
2020-04-11,6314.50
2020-04-12,6329.95
2020-04-13,6291.12
2020-04-14,6270.53
2020-04-15,6081.57
2020-04-16,6559.08
2020-04-17,6474.13
2020-04-18,6682.04
2020-04-19,6562.41
2020-04-20,6311.04
2020-04-21,6324.83
2020-04-22,6601.47
2020-04-23,6950.00
2020-04-24,6948.50
2020-04-25,6990.47
2020-04-26,7129.95
2020-04-27,7198.67
2020-04-28,7173.09
2020-04-29,8087.82
2020-04-30,7890.55
2020-05-01,8053.19
2020-05-02,8179.88
2020-05-03,8137.69
2020-05-04,8168.68
2020-05-05,8341.48
2020-05-06,8483.31
2020-05-07,9228.06
2020-05-08,9071.44
2020-05-09,8821.35
2020-05-10,8072.06
2020-05-11,7936.60
2020-05-12,8148.46
2020-05-13,8608.33
2020-05-14,9070.00
2020-05-15,8598.13
2020-05-16,8679.06
2020-05-17,8947.67
2020-05-18,8910.42
2020-05-19,8960.25
2020-05-20,8664.51
2020-05-21,8288.60
2020-05-22,8424.95
2020-05-23,8432.20
2020-05-24,7990.88
2020-05-25,8174.11
2020-05-26,8064.03
2020-05-27,8365.75
2020-05-28,8648.71
2020-05-29,8499.71
2020-05-30,8716.46
2020-05-31,8505.86
2020-06-01,9167.05
2020-06-02,8522.70
2020-06-03,8617.38
2020-06-04,8645.12
2020-06-05,8533.86
2020-06-06,8575.10
2020-06-07,8621.13
2020-06-08,8657.54
2020-06-09,8639.06
2020-06-10,8713.71
2020-06-11,8218.45
2020-06-12,8423.62
2020-06-13,8426.22
2020-06-14,8292.35
2020-06-15,8324.90
2020-06-16,8465.50
2020-06-17,8421.94
2020-06-18,8370.91
2020-06-19,8325.69
2020-06-20,8372.79
2020-06-21,8311.38
2020-06-22,8589.26
2020-06-23,8513.60
2020-06-24,8267.29
2020-06-25,8248.10
2020-06-26,8179.38
2020-06-27,8044.83
2020-06-28,8126.84
2020-06-29,8171.13
2020-06-30,8145.97
2020-07-01,8209.36
2020-07-02,8103.43
2020-07-03,8083.93
2020-07-04,8135.00
2020-07-05,8071.17
2020-07-06,8264.08
2020-07-07,8217.78
2020-07-08,8340.36
2020-07-09,8197.38
2020-07-10,8235.44
2020-07-11,8188.55
2020-07-12,8234.38
2020-07-13,8152.44
2020-07-14,8123.48
2020-07-15,8061.72
2020-07-16,8024.92
2020-07-17,8021.21
2020-07-18,8037.86
2020-07-19,8065.20
2020-07-20,8009.74
2020-07-21,8157.53
2020-07-22,8255.97
2020-07-23,8294.13
2020-07-24,8208.73
2020-07-25,8338.26
2020-07-26,8533.66
2020-07-27,9386.50
2020-07-28,9330.07
2020-07-29,9435.93
2020-07-30,9374.87
2020-07-31,9647.14
2020-08-01,10041.36
2020-08-02,9387.19
2020-08-03,9565.04
2020-08-04,9489.47
2020-08-05,9909.89
2020-08-06,9925.85
2020-08-07,9856.89
2020-08-08,9988.61
2020-08-09,9928.98
2020-08-10,10137.21
2020-08-11,9732.50
2020-08-12,9818.20
2020-08-13,9984.12
2020-08-14,9959.51
2020-08-15,10024.07
2020-08-16,10053.33
2020-08-17,10346.09
2020-08-18,10016.38
2020-08-19,9940.71
2020-08-20,10008.96
2020-08-21,9789.80
2020-08-22,9919.12
2020-08-23,9888.91
2020-08-24,9982.42
2020-08-25,9588.03
2020-08-26,9693.32
2020-08-27,9591.93
2020-08-28,9710.84
2020-08-29,9663.17
2020-08-30,9829.17
2020-08-31,9780.33
2020-09-01,10001.72
2020-09-02,9637.53
2020-09-03,8616.19
2020-09-04,8851.00
2020-09-05,8600.81
2020-09-06,8661.09
2020-09-07,8785.74
2020-09-08,8608.75
2020-09-09,8676.47
2020-09-10,8770.18
2020-09-11,8792.15
2020-09-12,8833.65
2020-09-13,8737.58
2020-09-14,9010.40
2020-09-15,9118.52
2020-09-16,9288.38
2020-09-17,9243.73
2020-09-18,9248.57
2020-09-19,9373.96
2020-09-20,9230.61
2020-09-21,8862.84
2020-09-22,9001.71
2020-09-23,8790.51
2020-09-24,9198.97
2020-09-25,9197.89
2020-09-26,9222.69
2020-09-27,9266.44
2020-09-28,9161.44
2020-09-29,9244.30
2020-09-30,9201.12
2020-10-01,9054.11
2020-10-02,9023.20
2020-10-03,9016.70
2020-10-04,9103.73
2020-10-05,9155.72
2020-10-06,9043.50
2020-10-07,9075.94
2020-10-08,9282.15
2020-10-09,9360.52
2020-10-10,9533.65
2020-10-11,9620.29
2020-10-12,9757.41
2020-10-13,9734.23
2020-10-14,9740.20
2020-10-15,9829.02
2020-10-16,9677.44
2020-10-17,9708.13
2020-10-18,9828.20
2020-10-19,9993.59
2020-10-20,10086.45
2020-10-21,10763.91
2020-10-22,10994.80
2020-10-23,10909.18
2020-10-24,11060.59
2020-10-25,11012.39
2020-10-26,11080.91
2020-10-27,11583.11
2020-10-28,11316.29
2020-10-29,11535.20
2020-10-30,11651.51
2020-10-31,11850.07
2020-11-01,11821.48
2020-11-02,11664.86
2020-11-03,11930.00
2020-11-04,12065.73
2020-11-05,13189.04
2020-11-06,13144.42
2020-11-07,12456.02
2020-11-08,13002.47
2020-11-09,12970.99
2020-11-10,12974.04
2020-11-11,13330.99
2020-11-12,13834.35
2020-11-13,13814.14
2020-11-14,13591.73
2020-11-15,13491.33
2020-11-16,14092.79
2020-11-17,14887.09
2020-11-18,15013.49
2020-11-19,15032.78
2020-11-20,15749.98
2020-11-21,15745.80
2020-11-22,15539.44
2020-11-23,15535.87
2020-11-24,16109.09
2020-11-25,15725.86
2020-11-26,14415.00
2020-11-27,14332.52
2020-11-28,14835.73
2020-11-29,15202.59
2020-11-30,16430.87
2020-12-01,15580.28
2020-12-02,15879.71
2020-12-03,16017.53
2020-12-04,15413.88
2020-12-05,15814.84
2020-12-06,15990.27
2020-12-07,15838.28
2020-12-08,15134.28
2020-12-09,15364.83
2020-12-10,15027.05
2020-12-11,14899.56
2020-12-12,15534.46
2020-12-13,15792.31
2020-12-14,15865.66
2020-12-15,15977.45
2020-12-16,17523.09
2020-12-17,18577.26
2020-12-18,18880.65
2020-12-19,19409.75
2020-12-20,19219.72
2020-12-21,18606.57
2020-12-22,19528.43
2020-12-23,19054.03
2020-12-24,19462.66
2020-12-25,20233.92
2020-12-26,21671.45
2020-12-27,21368.41
2020-12-28,22137.76
2020-12-29,22300.06
2020-12-30,23489.64
2020-12-31,23687.84
2021-01-01,24033.14
2021-01-02,25980.18
2021-01-03,26501.73
2021-01-04,26159.99
2021-01-05,27664.44
2021-01-06,29838.02
2021-01-07,32019.95
2021-01-08,33155.47
2021-01-09,32706.29
2021-01-10,31287.24
2021-01-11,29160.43
2021-01-12,27898.34
2021-01-13,30716.37
2021-01-14,32163.97
2021-01-15,30453.02
2021-01-16,29821.10
2021-01-17,29635.14
2021-01-18,30260.80
2021-01-19,29601.99
2021-01-20,29263.73
2021-01-21,25364.83
2021-01-22,27154.42
2021-01-23,26373.62
2021-01-24,26525.19
2021-01-25,26600.19
2021-01-26,26752.71
2021-01-27,25121.00
2021-01-28,27583.46
2021-01-29,28200.00
2021-01-30,28252.88
2021-01-31,27312.77
2021-02-01,27799.78
2021-02-02,29487.88
2021-02-03,31230.94
2021-02-04,30904.01
2021-02-05,31779.58
2021-02-06,32621.21
2021-02-07,32252.19
2021-02-08,38485.29
2021-02-09,38400.00
2021-02-10,37025.37
2021-02-11,39539.59
2021-02-12,39124.46
2021-02-13,39035.84
2021-02-14,40187.08
2021-02-15,39543.30
2021-02-16,40669.37
2021-02-17,43248.05
2021-02-18,42661.52
2021-02-19,46059.20
2021-02-20,46252.36
2021-02-21,47419.31
2021-02-22,44529.92
2021-02-23,40231.97
2021-02-24,40869.40
2021-02-25,38843.16
2021-02-26,38431.58
2021-02-27,38300.00
2021-02-28,37377.25
2021-03-01,41164.68
2021-03-02,40159.40
2021-03-03,41819.69
2021-03-04,40413.35
2021-03-05,40916.78
2021-03-06,40993.53
2021-03-07,42660.36
2021-03-08,44094.10
2021-03-09,46124.00
2021-03-10,46865.90
2021-03-11,48233.19
2021-03-12,47792.61
2021-03-13,50162.95
2021-03-14,49350.16
2021-03-15,46725.79
2021-03-16,47776.60
2021-03-17,49153.80
2021-03-18,48403.51
2021-03-19,48829.53
2021-03-20,48876.41
2021-03-21,48264.16
2021-03-22,45402.30
2021-03-23,45972.73
2021-03-24,44269.28
2021-03-25,43693.72
2021-03-26,46709.25
2021-03-27,47375.77
2021-03-28,47343.08
2021-03-29,48880.44
2021-03-30,50124.03
2021-03-31,50028.89
2021-04-01,49895.83
2021-04-02,50136.05
2021-04-03,48763.00
2021-04-04,49456.77
2021-04-05,49950.00
2021-04-06,48876.04
2021-04-07,47228.84
2021-04-08,48776.48
2021-04-09,48907.45
2021-04-10,50146.06
2021-04-11,50342.94
2021-04-12,50189.68
2021-04-13,53154.03
2021-04-14,52597.64
2021-04-15,52890.74
2021-04-16,51271.98
2021-04-17,50503.86
2021-04-18,47053.79
2021-04-19,46281.66
2021-04-20,47035.83
2021-04-21,44734.03
2021-04-22,43070.98
2021-04-23,42404.06
2021-04-24,41534.18
2021-04-25,40650.69
2021-04-26,44787.52
2021-04-27,45562.78
2021-04-28,45257.39
2021-04-29,44202.49
2021-04-30,47991.24
2021-05-01,47998.17
2021-05-02,47090.62
2021-05-03,47404.06
2021-05-04,44352.95
2021-05-05,47810.75
2021-05-06,46778.47
2021-05-07,47278.79
2021-05-08,48470.77
2021-05-09,47907.70
2021-05-10,46067.89
2021-05-11,46740.90
2021-05-12,41027.63
2021-05-13,41149.99
2021-05-14,41083.47
2021-05-15,38577.90
2021-05-16,38194.32
2021-05-17,35844.09
2021-05-18,35148.55
2021-05-19,30233.82
2021-05-20,33235.50
2021-05-21,30682.85
2021-05-22,30816.45
2021-05-23,28503.62
2021-05-24,31805.78
2021-05-25,31343.53
2021-05-26,32249.70
2021-05-27,31585.12
2021-05-28,29321.99
2021-05-29,28487.42
2021-05-30,29298.12
2021-05-31,30514.17
2021-06-01,30028.05
2021-06-02,30798.03
2021-06-03,32339.24
2021-06-04,30301.55
2021-06-05,29293.79
2021-06-06,29463.22
2021-06-07,27608.37
2021-06-08,27461.98
2021-06-09,30706.72
2021-06-10,30142.73
2021-06-11,30833.96
2021-06-12,29393.69
2021-06-13,32204.72
2021-06-14,33430.85
2021-06-15,33126.81
2021-06-16,31963.63
2021-06-17,31961.15
2021-06-18,30211.85
2021-06-19,29994.96
2021-06-20,29982.08
2021-06-21,26548.81
2021-06-22,27227.09
2021-06-23,28238.94
2021-06-24,29049.95
2021-06-25,26483.71
2021-06-26,27061.50
2021-06-27,29010.14
2021-06-28,28882.59
2021-06-29,30120.86
2021-06-30,29569.32
2021-07-01,28277.33
2021-07-02,28479.65
2021-07-03,29198.07
2021-07-04,29731.26
2021-07-05,28425.11
2021-07-06,28937.46
2021-07-07,28742.15
2021-07-08,27757.37
2021-07-09,28501.43
2021-07-10,28219.00
2021-07-11,28832.74
2021-07-12,27909.73
2021-07-13,27814.18
2021-07-14,27728.78
2021-07-15,26972.02
2021-07-16,26587.50
2021-07-17,26731.36
2021-07-18,26893.75
2021-07-19,26143.04
2021-07-20,25293.43
2021-07-21,27240.36
2021-07-22,27433.92
2021-07-23,28557.73
2021-07-24,29116.86
2021-07-25,30038.12
2021-07-26,31550.68
2021-07-27,33433.83
2021-07-28,33799.73
2021-07-29,33686.31
2021-07-30,35555.82
2021-07-31,34894.34
2021-08-01,33583.13
2021-08-02,32966.56
2021-08-03,32188.49
2021-08-04,33551.36
2021-08-05,34532.14
2021-08-06,36365.90
2021-08-07,37797.64
2021-08-08,37281.17
2021-08-09,39426.46
2021-08-10,38929.53
2021-08-11,38800.00
2021-08-12,37836.99
2021-08-13,40481.07
2021-08-14,39930.10
2021-08-15,39863.35
2021-08-16,38978.92
2021-08-17,38186.49
2021-08-18,38257.01
2021-08-19,40047.49
2021-08-20,42236.96
2021-08-21,41811.72
2021-08-22,42171.97
2021-08-23,42192.53
2021-08-24,40638.19
2021-08-25,41618.04
2021-08-26,39881.00
2021-08-27,41610.40
2021-08-28,41454.56
2021-08-29,41374.53
2021-08-30,39864.13
2021-08-31,39913.00
2021-09-01,41243.36
2021-09-02,41525.77
2021-09-03,42093.85
2021-09-04,42051.68
2021-09-05,43523.18
2021-09-06,44388.93
2021-09-07,39520.40
2021-09-08,38991.57
2021-09-09,39249.21
2021-09-10,38001.41
2021-09-11,38252.34
2021-09-12,38997.32
2021-09-13,38068.67
2021-09-14,39924.00
2021-09-15,40725.65
2021-09-16,40604.64
2021-09-17,40340.20
2021-09-18,41226.41
2021-09-19,40287.75
2021-09-20,36694.55
2021-09-21,34744.70
2021-09-22,37308.93
2021-09-23,38255.78
2021-09-24,36560.48
2021-09-25,36459.34
2021-09-26,36867.78
2021-09-27,36091.33
2021-09-28,35128.31
2021-09-29,35793.90
2021-09-30,37834.25
2021-10-01,41504.89
2021-10-02,41027.02
2021-10-03,41513.17
2021-10-04,42381.27
2021-10-05,44367.68
2021-10-06,47695.19
2021-10-07,46532.57
2021-10-08,46576.02
2021-10-09,47407.24
2021-10-10,47347.31
2021-10-11,49777.61
2021-10-12,48551.85
2021-10-13,49472.12
2021-10-14,49492.63
2021-10-15,53051.00
2021-10-16,52321.44
2021-10-17,52950.80
2021-10-18,53392.27
2021-10-19,55205.07
2021-10-20,56570.00
2021-10-21,53508.93
2021-10-22,52133.01
2021-10-23,52748.13
2021-10-24,52299.33
2021-10-25,54344.88
2021-10-26,52004.74
2021-10-27,50445.34
2021-10-28,51898.09
2021-10-29,53812.99
2021-10-30,53587.44
2021-10-31,53109.20
2021-11-01,52576.35
2021-11-02,54631.13
2021-11-03,54208.92
2021-11-04,53225.20
2021-11-05,52779.63
2021-11-06,53326.58
2021-11-07,54726.88
2021-11-08,58247.90
2021-11-09,57724.95
2021-11-10,56616.20
2021-11-11,56642.65
2021-11-12,56054.71
2021-11-13,56312.86
2021-11-14,57262.46
2021-11-15,55976.85
2021-11-16,53107.95
2021-11-17,53384.51
2021-11-18,50118.15
2021-11-19,51605.68
2021-11-20,53002.66
2021-11-21,52100.96
2021-11-22,50091.23
2021-11-23,51205.24
2021-11-24,51060.40
2021-11-25,52615.66
2021-11-26,47434.74
2021-11-27,48502.15
2021-11-28,50816.49
2021-11-29,51204.30
2021-11-30,50275.13
2021-12-01,50581.52
2021-12-02,50013.96
2021-12-03,47461.66
2021-12-04,43611.08
2021-12-05,43741.92
2021-12-06,44841.12
2021-12-07,44906.91
2021-12-08,44549.91
2021-12-09,42143.59
2021-12-10,41745.00
2021-12-11,43655.27
2021-12-12,44315.33
2021-12-13,41403.49
2021-12-14,42986.22
2021-12-15,43296.53
2021-12-16,42037.36
2021-12-17,41078.11
2021-12-18,41698.50
2021-12-19,41562.11
2021-12-20,41564.05
2021-12-21,43351.09
2021-12-22,42935.71
2021-12-23,44882.70
2021-12-24,44906.65
2021-12-25,44618.56
2021-12-26,44899.58
2021-12-27,44762.97
2021-12-28,42050.86
2021-12-29,40930.74
2021-12-30,41659.96
2021-12-31,40635.00
2022-01-01,42022.45
2022-01-02,41641.91
2022-01-03,41097.03
2022-01-04,40620.00
2022-01-05,38447.06
2022-01-06,38177.96
2022-01-07,36594.36
2022-01-08,36691.15
2022-01-09,36886.03
2022-01-10,36943.34
2022-01-11,37638.04
2022-01-12,38465.87
2022-01-13,37164.89
2022-01-14,37770.32
2022-01-15,37817.23
2022-01-16,37797.45
2022-01-17,37026.86
2022-01-18,37382.60
2022-01-19,36750.05
2022-01-20,36012.48
2022-01-21,32199.37
2022-01-22,30939.90
2022-01-23,31966.39
2022-01-24,32439.64
2022-01-25,32737.78
2022-01-26,32773.52
2022-01-27,33380.85
2022-01-28,33877.82
2022-01-29,34286.80
2022-01-30,34021.47
2022-01-31,34272.20
2022-02-01,34376.27
2022-02-02,32688.94
2022-02-03,32638.61
2022-02-04,36318.17
2022-02-05,36180.00
2022-02-06,37033.26
2022-02-07,38351.97
2022-02-08,38602.52
2022-02-09,38902.06
2022-02-10,38167.44
2022-02-11,37355.58
2022-02-12,37246.86
2022-02-13,37025.60
2022-02-14,37642.26
2022-02-15,39263.40
2022-02-16,38593.55
2022-02-17,35690.40
2022-02-18,35314.53
2022-02-19,35457.10
2022-02-20,33930.81
2022-02-21,32741.31
2022-02-22,33779.77
2022-02-23,32981.85
2022-02-24,34292.39
2022-02-25,34804.88
2022-02-26,34732.42
2022-02-27,33744.49
2022-02-28,38522.09
2022-03-01,39939.75
2022-03-02,39543.70
2022-03-03,38363.36
2022-03-04,35825.00
2022-03-05,36050.92
2022-03-06,35355.68
2022-03-07,35008.57
2022-03-08,35561.53
2022-03-09,37904.40
2022-03-10,35822.74
2022-03-11,35500.00
2022-03-12,35595.96
2022-03-13,34568.34
2022-03-14,36268.42
2022-03-15,35833.49
2022-03-16,37288.76
2022-03-17,36898.48
2022-03-18,37748.19
2022-03-19,38184.17
2022-03-20,37352.01
2022-03-21,37230.12
2022-03-22,38428.49
2022-03-23,38954.02
2022-03-24,39953.72
2022-03-25,40355.71
2022-03-26,40563.23
2022-03-27,42654.46
2022-03-28,42857.68
2022-03-29,42770.83
2022-03-30,42158.15
2022-03-31,41099.34
2022-04-01,41911.57
2022-04-02,41506.20
2022-04-03,42022.30
2022-04-04,42472.79
2022-04-05,41745.71
2022-04-06,39638.27
2022-04-07,39983.35
2022-04-08,38855.05
2022-04-09,39364.14
2022-04-10,38721.44
2022-04-11,36357.35
2022-04-12,37043.06
2022-04-13,37781.26
2022-04-14,36903.56
2022-04-15,37522.02
2022-04-16,37396.57
2022-04-17,36711.51
2022-04-18,37849.58
2022-04-19,38438.65
2022-04-20,38151.04
2022-04-21,37368.79
2022-04-22,36800.43
2022-04-23,36564.14
2022-04-24,36508.11
2022-04-25,37732.85
2022-04-26,35837.81
2022-04-27,37161.57
2022-04-28,37842.39
2022-04-29,36614.20
2022-04-30,35748.00
2022-05-01,36530.32
2022-05-02,36652.97
2022-05-03,35855.34
2022-05-04,37371.36
2022-05-05,34674.42
2022-05-06,34151.21
2022-05-07,33627.61
2022-05-08,32310.88
2022-05-09,28456.27
2022-05-10,29438.22
2022-05-11,27611.20
2022-05-12,27867.05
2022-05-13,28072.85
2022-05-14,28874.46
2022-05-15,30073.94
2022-05-16,28581.16
2022-05-17,28849.03
2022-05-18,27403.01
2022-05-19,28633.62
2022-05-20,27634.30
2022-05-21,27850.54
2022-05-22,28632.60
2022-05-23,27231.54
2022-05-24,27586.22
2022-05-25,27601.45
2022-05-26,27182.92
2022-05-27,26636.10
2022-05-28,27030.19
2022-05-29,27448.58
2022-05-30,29422.62
2022-05-31,29611.33
2022-06-01,27971.36
2022-06-02,28326.16
2022-06-03,27722.40
2022-06-04,27870.19
2022-06-05,27896.12
2022-06-06,29328.48
2022-06-07,29053.44
2022-06-08,28148.43
2022-06-09,28330.78
2022-06-10,27652.82
2022-06-11,26996.79
2022-06-12,25300.60
2022-06-13,21580.07
2022-06-14,21188.00
2022-06-15,21571.07
2022-06-16,19314.40
2022-06-17,19486.93
2022-06-18,18066.06
2022-06-19,19599.19
2022-06-20,19559.09
2022-06-21,19651.71
2022-06-22,18899.81
2022-06-23,20059.74
2022-06-24,20097.51
2022-06-25,20375.83
2022-06-26,19909.14
2022-06-27,19587.50
2022-06-28,19236.03
2022-06-29,19226.86
2022-06-30,19023.58
2022-07-01,18480.39
2022-07-02,18447.39
2022-07-03,18492.30
2022-07-04,19360.82
2022-07-05,19671.82
2022-07-06,20168.48
2022-07-07,21276.89
2022-07-08,21195.95
2022-07-09,21206.32
2022-07-10,20495.27
2022-07-11,19859.19
2022-07-12,19260.11
2022-07-13,20173.44
2022-07-14,20510.89
2022-07-15,20649.29
2022-07-16,21025.85
2022-07-17,20590.33
2022-07-18,22139.45
2022-07-19,22873.04
2022-07-20,22805.08
2022-07-21,22657.93
2022-07-22,22234.47
2022-07-23,22011.02
2022-07-24,22157.68
2022-07-25,20817.31
2022-07-26,21006.98
2022-07-27,22505.70
2022-07-28,23409.66
2022-07-29,23240.60
2022-07-30,23149.46
2022-07-31,22847.45
2022-08-01,22696.00
2022-08-02,22636.54
2022-08-03,22469.59
2022-08-04,22091.16
2022-08-05,22891.24
2022-08-06,22562.86
2022-08-07,22799.27
2022-08-08,23370.58
2022-08-09,22673.82
2022-08-10,23262.00
2022-08-11,23211.00
2022-08-12,23788.00
2022-08-13,23861.00
2022-08-14,23717.00
2022-08-15,23734.00
2022-08-16,23466.00
2022-08-17,22932.00
2022-08-18,22994.00
2022-08-19,20750.00
2022-08-20,21069.00
2022-08-21,21442.00
2022-08-22,21539.00
2022-08-23,21591.00
2022-08-24,21441.00
2022-08-25,21636.00
2022-08-26,20336.00
2022-08-27,20133.00
2022-08-28,19683.00
2022-08-29,20281.00
2022-08-30,19763.00
2022-08-31,19975.00
2022-09-01,20224.00
2022-09-02,20044.00
2022-09-03,19929.00
2022-09-04,20187.00
2022-09-05,19887.00
2022-09-06,18977.00
2022-09-07,19295.00
2022-09-08,19307.00
2022-09-09,21273.00
2022-09-10,21545.00
2022-09-11,21697.00
2022-09-12,22116.00
2022-09-13,20222.00
2022-09-14,20264.00
2022-09-15,19730.00
2022-09-16,19768.00
2022-09-17,20092.00
2022-09-18,19377.00
2022-09-19,19494.00
2022-09-20,18931.00
2022-09-21,18782.00
2022-09-22,19728.00
2022-09-23,19897.00
2022-09-24,19513.00
2022-09-25,19415.00
2022-09-26,19977.00
2022-09-27,19890.00
2022-09-28,19996.00
2022-09-29,19936.00
2022-09-30,19818.00
2022-10-01,19709.00
2022-10-02,19460.00
2022-10-03,19959.00
2022-10-04,20370.00
2022-10-05,20346.00
2022-10-06,20382.00
2022-10-07,20053.00
2022-10-08,19940.00
2022-10-09,19976.00
2022-10-10,19700.00
2022-10-11,19641.00
2022-10-12,19727.00
2022-10-13,19837.00
2022-10-14,19723.00
2022-10-15,19624.00
2022-10-16,19777.00
2022-10-17,19856.00
2022-10-18,19597.00
2022-10-19,19579.00
2022-10-20,19475.00
2022-10-21,19437.00
2022-10-22,19484.00
2022-10-23,19843.00
2022-10-24,19556.00
2022-10-25,20170.00
2022-10-26,20585.00
2022-10-27,20351.00
2022-10-28,20668.00
2022-10-29,20878.00
2022-10-30,20719.00
2022-10-31,20734.00
2022-11-01,20740.00
2022-11-02,20536.00
2022-11-03,20719.00
2022-11-04,21237.00
2022-11-05,21388.00
2022-11-06,21063.00
2022-11-07,20549.00
2022-11-08,18430.00
2022-11-09,15911.00
2022-11-10,17241.00
2022-11-11,16429.00
2022-11-12,16184.00
2022-11-13,15787.00
2022-11-14,16079.00
2022-11-15,16309.00
2022-11-16,16038.00
2022-11-17,16102.00
2022-11-18,16161.00
2022-11-19,16156.00
2022-11-20,15736.00
2022-11-21,15380.00
2022-11-22,15715.00
2022-11-23,15947.00
2022-11-24,15941.00
2022-11-25,15859.00
2022-11-26,15823.00
2022-11-27,15846.00
2022-11-28,15667.00
2022-11-29,15915.00
2022-11-30,16462.00
2022-12-01,16125.00
2022-12-02,16228.00
2022-12-03,16044.00
2022-12-04,16231.00
2022-12-05,16160.00
2022-12-06,16314.00
2022-12-07,16007.00
2022-12-08,16312.00
2022-12-09,16251.00
2022-12-10,16245.00
2022-12-11,16243.00
2022-12-12,16311.00
2022-12-13,16728.00
2022-12-14,16667.00
2022-12-15,16299.00
2022-12-16,15706.00
2022-12-17,15843.00
2022-12-18,15821.00
2022-12-19,15486.00
2022-12-20,15907.00
2022-12-21,15857.00
2022-12-22,15860.00
2022-12-23,15787.00
2022-12-24,15835.00
2022-12-25,15844.00
2022-12-26,15884.00
2022-12-27,15695.00
2022-12-28,15557.00
2022-12-29,15601.00
2022-12-30,15505.00
2022-12-31,15428.00
2023-01-01,15520.00
2023-01-02,15594.00
2023-01-03,15801.00
2023-01-04,15884.00
2023-01-05,15991.00
2023-01-06,15915.00
2023-01-07,15917.00
2023-01-08,16058.00
2023-01-09,16004.00
2023-01-10,16246.00
2023-01-11,16663.00
2023-01-12,17359.00
2023-01-13,18399.00
2023-01-14,19332.00
2023-01-15,19285.00
2023-01-16,19559.00
2023-01-17,19610.00
2023-01-18,19142.00
2023-01-19,19450.00
2023-01-20,20880.00
2023-01-21,20988.00
2023-01-22,20911.00
2023-01-23,21087.00
2023-01-24,20780.00
2023-01-25,21098.00
2023-01-26,21113.00
2023-01-27,21241.00
2023-01-28,21202.00
2023-01-29,21851.00
2023-01-30,21044.00
2023-01-31,21295.00
2023-02-01,21553.00
2023-02-02,21531.00
2023-02-03,21702.00
2023-02-04,21610.00
2023-02-05,21260.00
2023-02-06,21210.00
2023-02-07,21651.00
2023-02-08,21421.00
2023-02-09,20298.00
2023-02-10,20258.00
2023-02-11,20489.00
2023-02-12,20414.00
2023-02-13,20300.00
2023-02-14,20681.00
2023-02-15,22741.00
2023-02-16,22042.00
2023-02-17,22956.00
2023-02-18,23020.00
2023-02-19,22725.00
2023-02-20,23240.00
2023-02-21,22949.00
2023-02-22,22800.00
2023-02-23,22583.00
2023-02-24,21991.00
2023-02-25,21999.00
2023-02-26,22328.00
2023-02-27,22146.00
2023-02-28,21870.00
2023-03-01,22159.00
2023-03-02,22137.00
2023-03-03,21019.00
2023-03-04,21022.00
2023-03-05,21107.00
2023-03-06,20959.00
2023-03-07,21031.00
2023-03-08,20575.00
2023-03-09,19239.00
2023-03-10,18973.00
2023-03-11,19271.00
2023-03-12,20742.00
2023-03-13,22384.00
2023-03-14,22965.00
2023-03-15,23003.00
2023-03-16,23585.00
2023-03-17,25695.00
2023-03-18,25238.00
2023-03-19,26259.00
2023-03-20,25923.00
2023-03-21,26154.00
2023-03-22,25136.00
2023-03-23,26148.00
2023-03-24,25566.00
2023-03-25,25572.00
2023-03-26,25983.00
2023-03-27,25120.00
2023-03-28,25165.00
2023-03-29,26137.00
2023-03-30,25727.00
2023-03-31,26267.00
2023-04-01,26257.00
2023-04-02,26084.00
2023-04-03,25501.00
2023-04-04,25712.00
2023-04-05,25844.00
2023-04-06,25697.00
2023-04-07,25609.00
2023-04-08,25681.00
2023-04-09,25975.00
2023-04-10,27273.00
2023-04-11,27679.00
2023-04-12,27191.00
2023-04-13,27520.00
2023-04-14,27717.00
2023-04-15,27586.00
2023-04-16,27614.00
2023-04-17,26951.00
2023-04-18,27689.00
2023-04-19,26320.00
2023-04-20,25745.00
2023-04-21,24797.00
2023-04-22,25378.00
2023-04-23,25108.00
2023-04-24,24883.00
2023-04-25,25789.00
2023-04-26,25749.00
2023-04-27,26735.00
2023-04-28,26607.00
2023-04-29,26547.00
2023-04-30,26546.00
2023-05-01,25593.00
2023-05-02,26047.00
2023-05-03,26231.00
2023-05-04,26179.00
2023-05-05,26792.00
2023-05-06,26242.00
2023-05-07,25831.00
2023-05-08,25180.00
2023-05-09,25220.00
2023-05-10,25152.00
2023-05-11,24745.00
2023-05-12,24699.00
2023-05-13,24697.00
2023-05-14,24820.00
2023-05-15,24984.00
2023-05-16,24883.00
2023-05-17,25281.00
2023-05-18,24890.00
2023-05-19,24886.00
2023-05-20,25088.00
2023-05-21,24720.00
2023-05-22,24832.00
2023-05-23,25271.00
2023-05-24,24472.00
2023-05-25,24685.00
2023-05-26,24905.00
2023-05-27,25040.00
2023-05-28,26175.00
2023-05-29,25904.00
2023-05-30,25814.00
2023-05-31,25460.00
2023-06-01,24938.00
2023-06-02,25457.00
2023-06-03,25290.00
2023-06-04,25360.00
2023-06-05,24031.00
2023-06-06,25451.00
2023-06-07,24604.00
2023-06-08,24582.00
2023-06-09,24633.00
2023-06-10,24115.00
2023-06-11,24125.00
2023-06-12,24055.00
2023-06-13,24025.00
2023-06-14,23183.00
2023-06-15,23372.00
2023-06-16,24058.00
2023-06-17,24235.00
2023-06-18,24079.00
2023-06-19,24565.00
2023-06-20,25915.00
2023-06-21,27251.00
2023-06-22,27286.00
2023-06-23,28173.00
2023-06-24,28025.00
2023-06-25,27939.00
2023-06-26,27732.00
2023-06-27,28017.00
2023-06-28,27566.00
2023-06-29,28016.00
2023-06-30,27912.00
2023-07-01,28031.00
2023-07-02,28054.00
2023-07-03,28540.00
2023-07-04,28282.00
2023-07-05,28107.00
2023-07-06,27465.00
2023-07-07,27697.00
2023-07-08,27644.00
2023-07-09,27514.00
2023-07-10,27642.00
2023-07-11,27820.00
2023-07-12,27289.00
2023-07-13,28029.00
2023-07-14,27049.00
2023-07-15,27031.00
2023-07-16,26957.00
2023-07-17,26833.00
2023-07-18,26616.00
2023-07-19,26712.00
2023-07-20,26768.00
2023-07-21,26887.00
2023-07-22,26797.00
2023-07-23,27048.00
2023-07-24,26375.00
2023-07-25,26451.00
2023-07-26,26492.00
2023-07-27,26602.00
2023-07-28,26590.00
2023-07-29,26636.00
2023-07-30,26549.00
2023-07-31,26558.00
2023-08-01,26926.00
2023-08-02,26640.00
2023-08-03,26636.00
2023-08-04,26399.00
2023-08-05,26397.00
2023-08-06,26395.00
2023-08-07,26506.00
2023-08-08,27141.00
2023-08-09,26924.00
2023-08-10,26795.00
2023-08-11,26845.00
2023-08-12,26889.00
2023-08-13,26757.00
2023-08-14,26946.00
2023-08-15,26738.00
2023-08-16,26376.00
2023-08-17,24512.00
2023-08-18,23982.00
2023-08-19,24064.00
2023-08-20,24121.00
2023-08-21,23972.00
2023-08-22,24005.00
2023-08-23,24332.00
2023-08-24,24229.00
2023-08-25,24138.00
2023-08-26,24104.00
2023-08-27,24172.00
2023-08-28,24097.00
2023-08-29,25496.00
2023-08-30,24979.00
2023-08-31,23911.00
2023-09-01,23944.00
2023-09-02,24031.00
2023-09-03,24107.00
2023-09-04,23910.00
2023-09-05,24038.00
2023-09-06,24017.00
2023-09-07,24540.00
2023-09-08,24220.00
2023-09-09,24225.00
2023-09-10,24124.00
2023-09-11,23418.00
2023-09-12,24035.00
2023-09-13,24442.00
2023-09-14,24945.00
2023-09-15,24950.00
2023-09-16,24900.00
2023-09-17,24865.00
2023-09-18,25035.00
2023-09-19,25477.00
2023-09-20,25463.00
2023-09-21,24921.00
2023-09-22,24966.00
2023-09-23,24982.00
2023-09-24,24653.00
2023-09-25,24809.00
2023-09-26,24790.00
2023-09-27,25085.00
2023-09-28,25572.00
2023-09-29,25451.00
2023-09-30,25505.00
2023-10-01,26491.00
2023-10-02,26264.00
2023-10-03,26200.00
2023-10-04,26459.00
2023-10-05,25997.00
2023-10-06,26407.00
2023-10-07,26433.00
2023-10-08,26430.00
2023-10-09,26081.00
2023-10-10,25835.00
2023-10-11,25299.00
2023-10-12,25388.00
2023-10-13,25569.00
2023-10-14,25565.00
2023-10-15,25828.00
2023-10-16,27015.00
2023-10-17,26868.00
2023-10-18,26891.00
2023-10-19,27153.00
2023-10-20,28008.00
2023-10-21,28236.00
2023-10-22,28310.00
2023-10-23,30969.00
2023-10-24,32015.00
2023-10-25,32675.00
2023-10-26,32337.00
2023-10-27,32085.00
2023-10-28,32283.00
2023-10-29,32706.00
2023-10-30,32508.00
2023-10-31,32767.00
2023-11-01,33481.00
2023-11-02,32942.00
2023-11-03,32404.00
2023-11-04,32745.00
2023-11-05,32684.00
2023-11-06,32729.00
2023-11-07,33130.00
2023-11-08,33287.00
2023-11-09,34422.00
2023-11-10,34938.00
2023-11-11,34815.00
2023-11-12,34721.00
2023-11-13,34089.00
2023-11-14,32705.00
2023-11-15,34947.00
2023-11-16,33341.00
2023-11-17,33609.00
2023-11-18,33586.00
2023-11-19,34302.00
2023-11-20,34256.00
2023-11-21,32768.00
2023-11-22,34376.00
2023-11-23,34225.00
2023-11-24,34497.00
2023-11-25,34578.00
2023-11-26,34252.00
2023-11-27,34006.00
2023-11-28,34391.00
2023-11-29,34522.00
2023-11-30,34644.00
2023-12-01,35571.00
2023-12-02,36259.00
2023-12-03,36729.00
2023-12-04,38741.00
2023-12-05,40835.00
2023-12-06,40662.00
2023-12-07,40147.00
2023-12-08,41080.00
2023-12-09,40663.00
2023-12-10,40697.00
2023-12-11,38322.00
2023-12-12,38388.00
2023-12-13,39426.00
2023-12-14,39153.00
2023-12-15,38513.00
2023-12-16,38829.00
2023-12-17,37983.00
2023-12-18,39055.00
2023-12-19,38498.00
2023-12-20,39888.00
2023-12-21,39875.00
2023-12-22,39984.00
2023-12-23,39814.00
2023-12-24,39208.00
2023-12-25,39579.00
2023-12-26,38522.00
2023-12-27,39150.00
2023-12-28,38524.00
2023-12-29,38234.00
2023-12-30,38295.00
2023-12-31,38408.00
2024-01-01,40079.00
2024-01-02,41121.00
2024-01-03,39323.00
2024-01-04,40415.00
2024-01-05,40429.00
2024-01-06,40262.00
2024-01-07,40185.00
2024-01-08,42919.00
2024-01-09,42226.00
2024-01-10,42565.00
2024-01-11,42231.00
2024-01-12,39143.00
2024-01-13,39221.00
2024-01-14,38138.00
2024-01-15,38870.00
2024-01-16,39678.00
2024-01-17,39288.00
2024-01-18,37986.00
2024-01-19,38240.00
2024-01-20,38287.00
2024-01-21,38179.00
2024-01-22,36352.00
2024-01-23,36750.00
2024-01-24,36836.00
2024-01-25,36836.00
2024-01-26,38547.00
2024-01-27,38856.00
2024-01-28,38770.00
2024-01-29,39964.00
2024-01-30,39636.00
2024-01-31,39403.00
2024-02-01,39617.00
2024-02-02,39992.00
2024-02-03,39841.00
2024-02-04,39489.00
2024-02-05,39730.00
2024-02-06,40063.00
2024-02-07,41136.00
2024-02-08,42031.00
2024-02-09,43669.00
2024-02-10,44094.00
2024-02-11,44701.00
2024-02-12,46271.00
2024-02-13,46429.00
2024-02-14,48290.00
2024-02-15,48219.00
2024-02-16,48398.00
2024-02-17,47951.00
2024-02-18,48351.00
2024-02-19,48057.00
2024-02-20,48371.00
2024-02-21,47921.00
2024-02-22,47363.00
2024-02-23,46876.00
2024-02-24,47617.00
2024-02-25,47789.00
2024-02-26,50156.00
2024-02-27,52606.00
2024-02-28,57625.00
2024-02-29,56570.00
2024-03-01,57563.00
2024-03-02,57231.00
2024-03-03,58228.00
2024-03-04,62907.00
2024-03-05,58807.00
2024-03-06,60630.00
2024-03-07,61121.00
2024-03-08,62409.00
2024-03-09,62615.00
2024-03-10,63056.00
2024-03-11,65888.00
2024-03-12,65424.00
2024-03-13,66762.00
2024-03-14,65642.00
2024-03-15,63864.00
2024-03-16,59915.00
2024-03-17,62807.00
2024-03-18,62163.00
2024-03-19,57017.00
2024-03-20,62120.00
2024-03-21,60313.00
2024-03-22,59110.00
2024-03-23,59274.00
2024-03-24,62216.00
2024-03-25,64456.00
2024-03-26,64606.00
2024-03-27,64183.00
2024-03-28,65591.00
2024-03-29,64791.00
2024-03-30,64569.00
2024-03-31,66088.00
2024-04-01,64903.00
2024-04-02,60844.00
2024-04-03,60947.00
2024-04-04,63260.00
2024-04-05,62631.00
2024-04-06,63584.00
2024-04-07,64047.00
2024-04-08,65932.00
2024-04-09,63690.00
2024-04-10,65677.00
2024-04-11,65271.00
2024-04-12,63341.00
2024-04-13,61202.00
2024-04-14,61821.00
2024-04-15,59738.00
2024-04-16,60140.00
2024-04-17,57517.00
2024-04-18,59703.00
2024-04-19,59982.00
2024-04-20,61082.00
2024-04-21,60955.00
2024-04-22,62757.00
2024-04-23,62081.00
2024-04-24,60080.00
2024-04-25,60147.00
2024-04-26,59667.00
2024-04-27,59383.00
2024-04-28,58978.00
2024-04-29,59569.00
2024-04-30,56857.00
2024-05-01,54366.00
2024-05-02,55106.00
2024-05-03,58492.00
2024-05-04,59376.00
2024-05-05,59491.00
2024-05-06,58673.00
2024-05-07,57982.00
2024-05-08,56939.00
2024-05-09,58508.00
2024-05-10,56504.00
2024-05-11,56502.00
2024-05-12,57079.00
2024-05-13,58298.00
2024-05-14,56926.00
2024-05-15,60825.00
2024-05-16,60037.00
2024-05-17,61719.00
2024-05-18,61602.00
2024-05-19,60945.00
2024-05-20,65665.00
2024-05-21,64544.00
2024-05-22,63804.00
2024-05-23,62865.00
2024-05-24,63235.00
2024-05-25,63913.00
2024-05-26,63127.00
2024-05-27,63897.00
2024-05-28,62943.00
2024-05-29,62570.00
2024-05-30,63088.00
2024-05-31,62226.00
2024-06-01,62430.00
2024-06-02,62449.00
2024-06-03,63082.00
2024-06-04,64781.00
2024-06-05,65354.00
2024-06-06,64992.00
2024-06-07,64262.00
2024-06-08,64267.00
2024-06-09,64646.00
2024-06-10,64544.00
2024-06-11,62738.00
2024-06-12,63131.00
2024-06-13,62177.00
2024-06-14,61751.00
2024-06-15,61827.00
2024-06-16,62264.00
2024-06-17,61894.00
2024-06-18,60679.00
2024-06-19,60451.00
2024-06-20,60546.00
2024-06-21,59983.00
2024-06-22,59979.00
2024-06-23,59101.00
2024-06-24,56168.00
2024-06-25,57728.00
2024-06-26,56918.00
2024-06-27,57554.00
2024-06-28,56336.00
2024-06-29,56872.00
2024-06-30,58389.00
2024-07-01,58529.00
2024-07-02,57727.00
2024-07-03,55738.00
2024-07-04,52774.00
2024-07-05,52274.00
2024-07-06,53670.00
2024-07-07,51588.00
2024-07-08,52338.00
2024-07-09,53657.00
2024-07-10,53284.00
2024-07-11,52736.00
2024-07-12,53097.00
2024-07-13,54271.00
2024-07-14,55858.00
2024-07-15,59426.00
2024-07-16,59687.00
2024-07-17,58602.00
2024-07-18,58693.00
2024-07-19,61283.00
2024-07-20,61665.00
2024-07-21,62507.00
2024-07-22,62034.00
2024-07-23,60758.00
2024-07-24,60336.00
2024-07-25,60637.00
2024-07-26,62549.00
2024-07-27,62492.00
2024-07-28,62870.00
2024-07-29,61736.00
2024-07-30,61179.00
2024-07-31,59708.00
2024-08-01,60557.00
2024-08-02,56325.00
2024-08-03,55698.00
2024-08-04,53312.00
2024-08-05,49381.00
2024-08-06,51380.00
2024-08-07,50481.00
2024-08-08,56554.00
2024-08-09,55785.00
2024-08-10,55862.00
2024-08-11,53835.00
2024-08-12,54299.00
2024-08-13,55118.00
2024-08-14,53327.00
2024-08-15,52491.00
2024-08-16,53470.00
2024-08-17,53987.00
2024-08-18,53100.00
2024-08-19,53661.00
2024-08-20,53041.00
2024-08-21,54829.00
2024-08-22,54331.00
2024-08-23,57317.00
2024-08-24,57275.00
2024-08-25,57409.00
2024-08-26,56293.00
2024-08-27,53233.00
2024-08-28,53078.00
2024-08-29,53588.00
2024-08-30,53551.00
2024-08-31,53396.00
2024-09-01,51916.00
2024-09-02,53440.00
2024-09-03,52030.00
2024-09-04,52329.00
2024-09-05,50554.00
2024-09-06,48761.00
2024-09-07,48898.00
2024-09-08,49518.00
2024-09-09,51684.00
2024-09-10,52325.00
2024-09-11,52077.00
2024-09-12,52487.00
2024-09-13,54682.00
2024-09-14,54154.00
2024-09-15,53345.00
2024-09-16,52299.00
2024-09-17,54235.00
2024-09-18,55560.00
2024-09-19,56410.00
2024-09-20,56634.00
2024-09-21,56759.00
2024-09-22,56953.00
2024-09-23,56996.00
2024-09-24,57417.00
2024-09-25,56736.00
2024-09-26,58330.00
2024-09-27,58941.00
2024-09-28,58982.00
2024-09-29,58749.00
2024-09-30,56854.00
2024-10-01,54961.00
2024-10-02,54902.00
2024-10-03,55052.00
2024-10-04,56518.00
2024-10-05,56516.00
2024-10-06,57242.00
2024-10-07,56701.00
2024-10-08,56605.00
2024-10-09,55379.00
2024-10-10,55139.00
2024-10-11,57034.00
2024-10-12,57732.00
2024-10-13,57503.00
2024-10-14,60501.00
2024-10-15,61561.00
2024-10-16,62248.00
2024-10-17,62218.00
2024-10-18,62983.00
2024-10-19,62848.00
2024-10-20,63467.00
2024-10-21,62256.00
2024-10-22,62409.00
2024-10-23,61800.00
2024-10-24,62972.00
2024-10-25,61762.00
2024-10-26,62124.00
2024-10-27,62906.00
2024-10-28,64616.00
2024-10-29,67130.00
2024-10-30,66592.00
2024-10-31,64507.00
2024-11-01,64170.00
2024-11-02,64124.00
2024-11-03,63333.00
2024-11-04,62362.00
2024-11-05,63476.00
2024-11-06,70400.00
2024-11-07,70294.00
2024-11-08,71424.00
2024-11-09,71557.00
2024-11-10,74947.00
2024-11-11,82175.00
2024-11-12,82488.00
2024-11-13,85410.00
2024-11-14,82924.00
2024-11-15,86284.00
2024-11-16,85663.00
2024-11-17,85161.00
2024-11-18,85415.00
2024-11-19,87087.00
2024-11-20,89222.00
2024-11-21,93639.00
2024-11-22,94829.00
2024-11-23,93312.00
2024-11-24,93329.00
2024-11-25,88963.00
2024-11-26,87595.00
2024-11-27,90869.00
2024-11-28,90597.00
2024-11-29,92168.00
2024-11-30,91164.00
2024-12-01,92171.00
2024-12-02,91267.00
2024-12-03,91297.00
2024-12-04,93793.00
2024-12-05,91699.00
2024-12-06,94452.00
2024-12-07,94426.00
2024-12-08,95686.00
2024-12-09,92294.00
2024-12-10,91811.00
2024-12-11,96249.00
2024-12-12,95440.00
2024-12-13,96556.00
2024-12-14,96510.00
2024-12-15,99073.00
2024-12-16,100750.00
2024-12-17,101170.00
2024-12-18,96805.00
2024-12-19,94022.00
2024-12-20,93911.00
2024-12-21,93466.00
2024-12-22,91177.00
2024-12-23,91099.00
2024-12-24,94874.00
2024-12-25,95603.00
2024-12-26,91842.00
2024-12-27,90391.00
2024-12-28,91231.00
2024-12-29,89671.00
2024-12-30,89019.00
2024-12-31,90143.00
2025-01-01,91196.00
2025-01-02,94398.00
2025-01-03,95243.00
2025-01-04,95299.00
2025-01-05,95456.00
2025-01-06,98474.00
2025-01-07,93752.00
2025-01-08,92240.00
2025-01-09,89950.00
2025-01-10,92505.00
2025-01-11,92258.00
2025-01-12,92263.00
2025-01-13,92107.00
2025-01-14,93691.00
2025-01-15,97583.00
2025-01-16,97016.00
2025-01-17,101120.00
2025-01-18,101470.00
2025-01-19,98511.00
2025-01-20,98124.00
2025-01-21,102022.00
2025-01-22,99596.00
2025-01-23,99806.00
2025-01-24,99951.00
2025-01-25,99882.00
2025-01-26,98063.00
2025-01-27,97822.00
2025-01-28,97150.00
2025-01-29,99509.00
2025-01-30,100723.00
2025-01-31,98887.00
2025-02-01,97360.00
2025-02-02,95394.00
2025-02-03,98308.00
2025-02-04,94404.00
2025-02-05,92943.00
2025-02-06,93055.00
2025-02-07,93555.00
2025-02-08,93539.00
2025-02-09,93584.00
2025-02-10,94623.00
2025-02-11,92443.00
2025-02-12,94216.00
2025-02-13,92384.00
2025-02-14,93004.00
2025-02-15,93112.00
2025-02-16,91699.00
2025-02-17,91383.00
2025-02-18,91498.00
2025-02-19,92724.00
2025-02-20,93658.00
2025-02-21,91968.00
2025-02-22,92350.00
2025-02-23,91913.00
2025-02-24,87559.00
2025-02-25,84278.00
2025-02-26,80155.00
2025-02-27,81460.00
2025-02-28,81347.00
2025-03-01,83032.00
2025-03-02,90596.00
2025-03-03,82158.00
2025-03-04,82163.00
2025-03-05,83996.00
2025-03-06,83410.00
2025-03-07,80121.00
2025-03-08,79587.00
2025-03-09,74267.00
2025-03-10,72459.00
2025-03-11,75975.00
2025-03-12,76888.00
2025-03-13,74715.00
2025-03-14,77208.00
2025-03-15,77585.00
2025-03-16,75910.00
2025-03-17,76948.00
2025-03-18,75632.00
2025-03-19,79639.00
2025-03-20,77566.00
2025-03-21,77686.00
2025-03-22,77498.00
2025-03-23,79461.00
2025-03-24,81009.00
2025-03-25,81084.00
2025-03-26,80902.00
2025-03-27,80750.00
2025-03-28,77951.00
2025-03-29,76344.00
2025-03-30,76089.00
2025-03-31,76304.00
2025-04-01,78885.00
2025-04-02,75676.00
2025-04-03,75259.00
2025-04-04,76506.00
2025-04-05,76218.00
2025-04-06,71270.00
2025-04-07,72495.00
2025-04-08,69483.00
2025-04-09,75435.00
2025-04-10,70755.00
2025-04-11,73403.00
2025-04-12,75148.00
2025-04-13,73817.00
2025-04-14,74613.00
2025-04-15,74072.00
2025-04-16,73702.00
2025-04-17,74663.00
2025-04-18,74144.00
2025-04-19,74671.00
2025-04-20,74434.00
2025-04-21,75991.00
2025-04-22,82316.00
2025-04-23,82618.00
2025-04-24,82578.00
2025-04-25,83375.00
2025-04-26,83342.00
2025-04-27,82634.00
2025-04-28,83295.00
2025-04-29,82801.00
2025-04-30,83216.00
2025-05-01,85433.00
2025-05-02,85780.00
2025-05-03,84939.00
2025-05-04,83322.00
2025-05-05,83782.00
2025-05-06,85394.00
2025-05-07,85805.00
2025-05-08,91916.00
2025-05-09,91469.00
2025-05-10,93048.00
2025-05-11,92673.00
2025-05-12,92654.00
2025-05-13,93070.00
2025-05-14,92565.00
2025-05-15,92701.00
2025-05-16,92642.00
2025-05-17,92441.00
2025-05-18,95112.00
2025-05-19,94074.00
2025-05-20,94658.00
2025-05-21,96746.00
2025-05-22,98935.00
2025-05-23,94428.00
2025-05-24,94910.00
2025-05-25,95890.00
2025-05-26,96069.00
2025-05-27,96133.00
2025-05-28,95955.00
2025-05-29,92829.00
2025-05-30,91692.00
2025-05-31,92302.00
2025-06-01,93089.00
2025-06-02,92474.00
2025-06-03,92621.00
2025-06-04,91725.00
2025-06-05,88696.00
2025-06-06,91609.00
2025-06-07,92680.00
2025-06-08,92744.00
2025-06-09,96492.00
2025-06-10,96423.00
2025-06-11,94431.00
2025-06-12,91113.00
2025-06-13,91907.00
2025-06-14,91356.00
2025-06-15,91485.00
2025-06-16,92437.00
2025-06-17,91033.00
2025-06-18,91385.00
2025-06-19,90925.00
2025-06-20,89664.00
2025-06-21,88706.00
2025-06-22,87839.00
2025-06-23,90892.00
2025-06-24,91331.00
2025-06-25,91884.00
2025-06-26,91498.00
2025-06-27,91436.00
2025-06-28,91635.00
2025-06-29,92426.00
2025-06-30,90889.00
2025-07-01,89554.00
2025-07-02,92274.00
2025-07-03,93173.00
2025-07-04,91794.00
2025-07-05,91972.00
2025-07-06,92720.00
2025-07-07,92277.00
2025-07-08,92946.00
2025-07-09,94929.00
2025-07-10,98878.00
2025-07-11,100090.00
2025-07-12,99908.00
2025-07-13,101613.00
2025-07-14,102633.00
2025-07-15,101408.00
2025-07-16,101996.00
2025-07-17,102562.00
2025-07-18,101421.00
2025-07-19,101369.00
2025-07-20,100834.00
2025-07-21,100430.00
2025-07-22,102171.00
2025-07-23,100912.00
2025-07-24,100655.00
2025-07-25,100131.00
2025-07-26,100381.00
2025-07-27,101588.00
2025-07-28,101587.00
2025-07-29,102105.00
2025-07-30,103081.00
2025-07-31,101390.00
2025-08-01,97889.00
2025-08-02,97217.00
2025-08-03,98668.00
2025-08-04,99414.00
2025-08-05,98572.00
2025-08-06,98632.00
2025-08-07,100630.00
2025-08-08,100148.00
2025-08-09,99660.00
2025-08-10,102341.00
2025-08-11,102169.00
2025-08-12,102848.00
2025-08-13,105135.00
2025-08-14,101621.00
2025-08-15,100406.00
2025-08-16,100506.00
2025-08-17,100353.00
2025-08-18,99673.00
2025-08-19,96933.00
2025-08-20,98081.00
2025-08-21,96855.00
2025-08-22,99335.00
2025-08-23,97954.00
2025-08-24,96821.00
2025-08-25,94851.00
2025-08-26,96051.00
2025-08-27,95507.00
2025-08-28,96347.00
2025-08-29,92786.00
2025-08-30,93195.00
2025-08-31,92611.00
2025-09-01,93184.00
2025-09-02,95613.00
2025-09-03,95812.00
2025-09-04,94989.00
2025-09-05,94471.00
2025-09-06,94105.00
2025-09-07,94922.00
2025-09-08,95210.00
2025-09-09,95306.00
2025-09-10,97384.00
2025-09-11,98450.00
2025-09-12,98857.00
2025-09-13,98541.00
2025-09-14,98376.00
2025-09-15,98119.00
2025-09-16,98391.00
2025-09-17,98480.00
2025-09-18,99392.00
2025-09-19,98548.00
2025-09-20,98621.00
2025-09-21,98261.00
2025-09-22,95596.00
2025-09-23,94832.00
2025-09-24,96539.00
2025-09-25,93428.00
2025-09-26,93799.00
2025-09-27,93802.00
2025-09-28,95913.00
2025-09-29,97547.00
2025-09-30,97159.00
2025-10-01,101072.00
2025-10-02,102839.00
2025-10-03,104011.00
2025-10-04,103998.00
2025-10-05,105049.00
2025-10-06,106307.00
2025-10-07,104167.00
2025-10-08,106067.00
2025-10-09,105172.00
2025-10-10,98240.00
2025-10-11,96544.00
2025-10-12,99241.00
2025-10-13,99676.00
2025-10-14,97521.00
2025-10-15,95132.00
2025-10-16,92519.00
2025-10-17,91430.00
2025-10-18,92104.00
2025-10-19,93275.00
2025-10-20,94955.00
2025-10-21,93410.00
2025-10-22,92775.00
2025-10-23,94761.00
2025-10-24,95463.00
2025-10-25,96019.00
2025-10-26,98417.00
2025-10-27,97924.00
2025-10-28,96907.00
2025-10-29,94862.00
2025-10-30,93620.00
2025-10-31,94885.00
2025-11-01,95274.00
2025-11-02,95839.00
2025-11-03,92505.00
2025-11-04,88376.00
2025-11-05,90388.00
2025-11-06,87716.00
2025-11-07,89274.00
2025-11-08,88401.00
2025-11-09,90687.00
2025-11-10,91713.00
2025-11-11,88915.00
2025-11-12,87709.00
2025-11-13,85748.00
2025-11-14,81332.00
2025-11-15,82242.00
2025-11-16,81024.00
2025-11-17,79369.00
2025-11-18,80230.00
2025-11-19,79275.00
2025-11-20,75010.00
2025-11-21,73923.00
2025-11-22,73561.00
2025-11-23,75451.00
2025-11-24,76661.00
2025-11-25,75523.00
2025-11-26,78039.00
2025-11-27,78751.00
2025-11-28,78433.00
2025-11-29,78361.00
2025-11-30,77916.00
2025-12-01,74399.00
2025-12-02,78511.00
2025-12-03,80113.00
2025-12-04,79117.00
2025-12-05,76830.00
2025-12-06,76752.00
2025-12-07,77718.00
2025-12-08,77884.00
2025-12-09,79686.00
2025-12-10,78637.00
2025-12-11,78811.00
2025-12-12,76959.00
2025-12-13,76927.00
2025-12-14,75162.00
2025-12-15,73541.00
2025-12-16,74736.00
2025-12-17,73427.00
2025-12-18,72906.00
2025-12-19,75223.00
2025-12-20,75456.00
2025-12-21,75668.00
2025-12-22,75224.00
2025-12-23,74119.00
2025-12-24,74396.00
2025-12-25,74016.00
2025-12-26,74172.00
2025-12-27,74537.00
2025-12-28,74618.00
2025-12-29,74021.00
2025-12-30,75270.00
2025-12-31,74465.00
2026-01-01,75509.00
2026-01-02,76784.00
2026-01-03,77360.00
2026-01-04,78181.00
2026-01-05,80161.00
2026-01-06,80207.00
2026-01-07,78190.00
2026-01-08,78110.00
2026-01-09,77804.00
2026-01-10,77737.00
2026-01-11,78226.00
2026-01-12,78135.00
2026-01-13,81900.00
2026-01-14,83261.00
2026-01-15,82354.00
2026-01-16,82371.00
2026-01-17,82078.00
2026-01-18,80561.00
2026-01-19,79525.00
2026-01-20,75336.00
2026-01-21,76597.00
2026-01-22,76111.00
2026-01-23,75693.00
2026-01-24,75362.00
2026-01-25,73042.00
2026-01-26,74355.00
2026-01-27,74152.00
2026-01-28,74457.00
2026-01-29,70691.00
2026-01-30,71011.00
2026-01-31,66604.00
2026-02-01,64923.00
2026-02-02,66689.00
2026-02-03,64054.00
2026-02-04,61883.00
2026-02-05,53350.00
2026-02-06,59803.00
2026-02-07,58757.00
2026-02-08,59517.00
2026-02-09,58897.00
2026-02-10,57882.00
2026-02-11,56444.00
2026-02-12,55789.00
2026-02-13,58015.00
2026-02-14,58882.00
2026-02-15,58006.00
2026-02-16,58126.00
2026-02-17,56947.00
2026-02-18,56372.00
2026-02-19,56897.00
2026-02-20,57706.00
2026-02-21,57714.00
2026-02-22,57195.00
2026-02-23,54760.00
2026-02-24,54419.00
2026-02-25,57536.00
2026-02-26,57178.00
2026-02-27,55811.00
2026-02-28,56793.00
2026-03-01,55943.00
2026-03-02,58831.00
2026-03-03,58802.00
2026-03-04,62485.00
2026-03-05,61120.00
2026-03-06,58688.00
2026-03-07,58034.00
2026-03-08,57279.00
2026-03-09,58951.00
2026-03-10,60248.00
2026-03-11,60813.00
2026-03-12,61225.00
2026-03-13,62139.00
2026-03-14,62438.00
2026-03-15,63701.00
2026-03-16,65112.00
2026-03-17,64104.00
2026-03-18,62171.00
2026-03-19,60406.00
2026-03-20,60943.00
2026-03-21,59596.00
2026-03-22,58703.00
2026-03-23,61090.00
2026-03-24,60721.00
2026-03-25,61702.00
2026-03-26,59655.00
2026-03-27,57672.00
2026-03-28,57690.00
2026-03-29,57437.00
2026-03-30,58240.00
2026-03-31,58952.00
2026-04-01,58778.00
2026-04-02,57978.00
2026-04-03,58138.00
2026-04-04,58449.00
2026-04-05,59946.00
2026-04-06,59647.00
2026-04-07,61599.00
2026-04-08,61013.00
2026-04-09,61441.00
2026-04-10,62252.00
2026-04-11,62348.00
2026-04-12,60618.00
2026-04-13,63306.00
2026-04-14,62872.00
2026-04-15,63374.00
2026-04-16,63816.00
2026-04-17,65553.00
2026-04-18,64398.00
2026-04-19,62915.00
2026-04-20,64404.00
2026-04-21,65010.00
2026-04-22,66792.00
2026-04-23,66993.00
2026-04-24,66101.00
2026-04-25,66278.00
2026-04-26,67202.00
2026-04-27,66008.00
2026-04-28,65152.00
2026-04-29,64872.00
2026-04-30,65059.00
2026-05-01,66751.00
2026-05-02,67113.00
2026-05-03,66965.00
2026-05-04,68300.00
2026-05-05,69103.00
2026-05-06,69333.00
2026-05-07,68208.00
2026-05-08,68055.00
2026-05-09,68498.00
2026-05-10,69798.00
2026-05-11,69395.00
2026-05-12,68573.00
2026-05-13,67682.00
2026-05-14,69512.00
2026-05-15,68048.00
2026-05-16,67257.00
2026-05-17,66694.00
2026-05-18,66023.00
2026-05-19,66127.00
2026-05-20,66659.16
2026-05-21,66780.00
2026-05-22,65067.43
2026-05-23,66096.00
2026-05-24,66131.96
2026-05-25,66417.00
2026-05-26,65164.12
2026-05-27,64005.94
2026-05-28,63117.71
2026-05-29,62947.00
2026-05-30,63265.52
2026-05-31,63180.96
2026-06-01,61306.99
2026-06-02,57372.75
2026-06-03,55169.38
2026-06-04,54974.92
2026-06-05,53020.37
2026-06-06,52921.32
2026-06-07,54933.98
2026-06-08,54721.00
2026-06-09,53482.41
2026-06-10,53289.72
2026-06-11,54914.00
2026-06-12,54939.00
2026-06-13,55750.23
2026-06-14,56663.00
2026-06-15,57197.55
2026-06-16,56493.37
2026-06-17,56000.97
2026-06-18,54886.16
2026-06-19,55363.96
2026-06-20,56028.71
2026-06-21,55176.01
2026-06-22,56000.05
2026-06-23,55062.43
2026-06-24,53715.50
2026-06-25,52577.00
2026-06-26,52720.23
2026-06-27,52656.47
2026-06-28,52252.17
2026-06-29,52702.86
2026-06-30,51293.12
2026-07-01,52704.88
2026-07-02,53829.36
2026-07-03,54683.08
2026-07-04,55207.23
2026-07-05,55608.00
2026-07-06,55944.73
2026-07-07,55540.76
2026-07-08,54521.35
2026-07-09,55285.47
2026-07-10,56185.89
2026-07-11,55953.39
2026-07-12,55917.53
2026-07-13,54696.28
2026-07-14,56884.08
2026-07-15,56454.01
2026-07-16,55748.64
2026-07-17,55897.19
2026-07-18,56667.02
2026-07-19,56579.00
2026-07-20,57118.61
2026-07-21,58339.56
2026-07-22,57905.06
2026-07-23,57182.61
2026-07-24,56385.20
2026-07-25,56591.15
2026-07-26,57345.04
2026-07-27,56046.00
2026-07-28,56091.10
2026-07-29,55750.62
2026-07-30,56176.53
2026-07-31,54511.46
2026-08-01,54489.27
2026-08-02,55028.39
2026-08-03,55131.69
2026-08-04,55560.21
2026-08-05,55904.01
2026-08-06,55774.93
2026-08-07,56153.87
2026-08-08,56195.00
2026-08-09,56101.00
2026-08-10,55363.84
2026-08-11,55060.38
2026-08-12,55009.00
2026-08-13,54999.71
2026-08-14,54453.95
